-- MySQL dump 10.13  Distrib 5.7.12, for osx10.9 (x86_64)
--
-- Host: localhost    Database: NEWS_DB
-- ------------------------------------------------------
-- Server version	5.7.13

/*!40101 SET @OLD_CHARACTER_SET_CLIENT=@@CHARACTER_SET_CLIENT */;
/*!40101 SET @OLD_CHARACTER_SET_RESULTS=@@CHARACTER_SET_RESULTS */;
/*!40101 SET @OLD_COLLATION_CONNECTION=@@COLLATION_CONNECTION */;
/*!40101 SET NAMES utf8 */;
/*!40103 SET @OLD_TIME_ZONE=@@TIME_ZONE */;
/*!40103 SET TIME_ZONE='+00:00' */;
/*!40014 SET @OLD_UNIQUE_CHECKS=@@UNIQUE_CHECKS, UNIQUE_CHECKS=0 */;
/*!40014 SET @OLD_FOREIGN_KEY_CHECKS=@@FOREIGN_KEY_CHECKS, FOREIGN_KEY_CHECKS=0 */;
/*!40101 SET @OLD_SQL_MODE=@@SQL_MODE, SQL_MODE='NO_AUTO_VALUE_ON_ZERO' */;
/*!40111 SET @OLD_SQL_NOTES=@@SQL_NOTES, SQL_NOTES=0 */;

--
-- Table structure for table `t_events`
--

DROP TABLE IF EXISTS `t_events`;
/*!40101 SET @saved_cs_client     = @@character_set_client */;
/*!40101 SET character_set_client = utf8 */;
CREATE TABLE `t_events` (
  `Fid` int(11) NOT NULL AUTO_INCREMENT,
  `Fpartners_id` varchar(20) NOT NULL,
  `Fpartners_name` varchar(45) NOT NULL,
  `Fnum` int(11) NOT NULL DEFAULT '0',
  PRIMARY KEY (`Fid`)
) ENGINE=InnoDB AUTO_INCREMENT=13 DEFAULT CHARSET=utf8;
/*!40101 SET character_set_client = @saved_cs_client */;

--
-- Dumping data for table `t_events`
--

LOCK TABLES `t_events` WRITE;
/*!40000 ALTER TABLE `t_events` DISABLE KEYS */;
INSERT INTO `t_events` VALUES (1,'12','23',2343),(2,'3','轻松互助1',1),(3,'3','2',2),(4,'3','轻松互助',3),(5,'3','轻松互助4',4),(6,'3','轻松互助12',5),(7,'3','轻松互助14',6),(8,'3','轻松互助1234',7),(9,'3','轻松互助2345',12345),(10,'3','轻松互助1e',245),(11,'3','轻松互助34',453),(12,'3','轻松互助123',456);
/*!40000 ALTER TABLE `t_events` ENABLE KEYS */;
UNLOCK TABLES;

--
-- Table structure for table `t_post_comments`
--

DROP TABLE IF EXISTS `t_post_comments`;
/*!40101 SET @saved_cs_client     = @@character_set_client */;
/*!40101 SET character_set_client = utf8 */;
CREATE TABLE `t_post_comments` (
  `Fcomment_id` int(11) NOT NULL AUTO_INCREMENT,
  `Fcomment_post_id` int(11) DEFAULT NULL,
  `Fcomment_parent_id` int(11) DEFAULT NULL COMMENT '父评论编号',
  `Fcomment_author_id` int(11) DEFAULT NULL COMMENT '评论者id',
  `Fcomment_author_name` varchar(20) DEFAULT NULL COMMENT '评论者名称',
  `Fcomment_author_ip` varchar(45) DEFAULT NULL COMMENT 'ip',
  `Fcomment_date` int(11) DEFAULT NULL,
  `Fcomment_content` text,
  `Fcomment_approved` tinyint(1) DEFAULT '0' COMMENT '审核状态0：未审核，1:审核通过，2：审核不通过',
  PRIMARY KEY (`Fcomment_id`),
  KEY `index` (`Fcomment_post_id`),
  KEY `index2` (`Fcomment_parent_id`)
) ENGINE=InnoDB AUTO_INCREMENT=17 DEFAULT CHARSET=utf8;
/*!40101 SET character_set_client = @saved_cs_client */;

--
-- Dumping data for table `t_post_comments`
--

LOCK TABLES `t_post_comments` WRITE;
/*!40000 ALTER TABLE `t_post_comments` DISABLE KEYS */;
INSERT INTO `t_post_comments` VALUES (2,17,NULL,6,'user001','127.0.0.1',1483113234,'这市场规模是怎么计算的？做校园这么多年，可以负责的说绝大部分大学生都没有付费意愿和能力，有付费意愿的大学生里面能付到3000元的又得减一大截，此外真正参与职业前培训的学生也是少数，职业前培训480亿，太不现实了~~',1),(3,17,NULL,6,'user001','127.0.0.1',1483114471,'qwer12341234',1),(4,17,NULL,6,'user001','127.0.0.1',1483148730,'这市场规模是怎么计算的？做校园这么多年，可以负责的说绝大部分大学生都没有付费意愿和能力，有付费意愿的大学生里面能付到3000元的又得减一大截，此外真正参与职业前培训的学生也是少数，职业前培训480亿，太不现实了~~',1),(6,17,NULL,6,'user001','127.0.0.1',1483172455,'这市场规模是怎么计算的？做校园这么多年，可以负责的说绝大部分大学生都没有付费意愿和能力，有付费意愿的大学生里面能付到3000元的又得减一大截，此外真正参与职业前培训的学生也是少数，职业前培训480亿，太不现实了~~',1),(7,17,NULL,6,'user001','127.0.0.1',1483172495,'1234123411234',1),(9,8,NULL,6,'user001','127.0.0.1',1483236975,'这市场规模是怎么计算的？做校园这么多年，可以负责的说绝大部分大学生都没有付费意愿和能力，有付费意愿的大学生里面能付到3000元的又得减一大截，此外真正参与职业前培训的学生也是少数，职业前培训480亿，太不现实了~~',2),(11,11,NULL,6,'user001','127.0.0.1',1483253875,'壁虎互助新推出 “壁虎诺言筹”公益众筹方式',0),(12,16,NULL,6,'user001','127.0.0.1',1483253887,'2016年的资本市场呈现出了冰火两重天的景象，有些行业苦苦挣扎融不到钱，有些行业却成为资本青睐的对象。网络互助保障领域正是后者。',1),(13,16,NULL,6,'user001','127.0.0.1',1483253900,'2016年的资本市场呈现出了冰火两重天的景象，有些行业苦苦挣扎融不到钱，有些行业却成为资本青睐的对象。',1),(14,8,NULL,35,'aaaa','127.0.0.1',1484147703,'aaa',1),(16,17,NULL,6,'user001','127.0.0.1',1484665996,'这市场规模是怎么计算的？做校园这么多年，可以负责的说绝大部分大学生都没有付费意愿和能力，有付费意愿的大学生里面能付到3000元的又得减一大截，此外真正参与职业前培训的学生也是少数，职业前培训480亿，太不现实',1);
/*!40000 ALTER TABLE `t_post_comments` ENABLE KEYS */;
UNLOCK TABLES;

--
-- Table structure for table `t_posts`
--

DROP TABLE IF EXISTS `t_posts`;
/*!40101 SET @saved_cs_client     = @@character_set_client */;
/*!40101 SET character_set_client = utf8 */;
CREATE TABLE `t_posts` (
  `Fid` bigint(11) NOT NULL AUTO_INCREMENT,
  `Fuser_id` varchar(32) NOT NULL COMMENT '发布者ID',
  `Fuser_type` tinyint(1) NOT NULL DEFAULT '1' COMMENT '区分1：t_admin中的Fuser_id 2：t_user中的Fuser_id',
  `Fpost_author` varchar(20) NOT NULL COMMENT '内容作者',
  `Fpost_content` longtext COMMENT '内容',
  `Fpost_title` text NOT NULL,
  `Fpost_category_id` tinyint(2) NOT NULL COMMENT '分类',
  `Fpost_excerpt` text COMMENT '摘要',
  `Fpost_coverimage` text COMMENT '封面',
  `Fpost_status` tinyint(1) NOT NULL DEFAULT '1' COMMENT '状态 1：待审核 2：审核不通过 3：已发布 4：下架',
  `Fcomment_status` tinyint(1) NOT NULL DEFAULT '1' COMMENT '评论状态 0：否 1：是',
  `Fpost_keyword` varchar(100) DEFAULT NULL COMMENT '关键词（多个关键词以、分割）',
  `Fremark` text COMMENT '备注',
  `Fcreate_time` int(11) DEFAULT NULL COMMENT '添加时间	',
  `Fupdate_time` int(11) DEFAULT NULL COMMENT '更新时间	',
  `Fis_del` tinyint(1) NOT NULL DEFAULT '0',
  PRIMARY KEY (`Fid`)
) ENGINE=InnoDB AUTO_INCREMENT=26 DEFAULT CHARSET=utf8;
/*!40101 SET character_set_client = @saved_cs_client */;

--
-- Dumping data for table `t_posts`
--

LOCK TABLES `t_posts` WRITE;
/*!40000 ALTER TABLE `t_posts` DISABLE KEYS */;
INSERT INTO `t_posts` VALUES (1,'13',1,'Cren','54321','研究实验',1,'研究咯','/files/img/201612/a9997f7c6ef07dafa64a5c8859c6b18b.jpg',3,1,NULL,NULL,1481366593,1471377419,0),(3,'13',1,'Cren','啊啊','壁虎互助新推出 “壁虎诺言筹”公益众筹方式',1,'互助','/files/img/201612/a9997f7c6ef07dafa64a5c8859c6b18b.jpg',3,1,NULL,NULL,1481377727,1481445096,0),(4,'43',2,'Cren','啊啊','壁虎互助新推出 “壁虎诺言筹”公益众筹方式',3,'互助',NULL,3,1,NULL,NULL,1481377735,1441805056,1),(5,'13',1,'Cren1','<p><img src=\"/files/img/201612/1481445033842169.jpg\" title=\"1481445033842169.jpg\" alt=\"拉勾盈利模式.jpg\"/><img src=\"http://img.baidu.com/hi/jx2/j_0003.gif\"/><img src=\"http://img.baidu.com/hi/jx2/j_0003.gif\"/><img src=\"http://img.baidu.com/hi/jx2/j_0003.gif\"/><img src=\"http://img.baidu.com/hi/jx2/j_0003.gif\"/><img src=\"http://img.baidu.com/hi/jx2/j_0003.gif\"/><img src=\"http://img.baidu.com/hi/jx2/j_0003.gif\"/><img src=\"http://img.baidu.com/hi/jx2/j_0003.gif\"/></p><p><img src=\"http://img.baidu.com/hi/jx2/j_0003.gif\"/><img src=\"http://img.baidu.com/hi/jx2/j_0003.gif\"/><img src=\"http://img.baidu.com/hi/jx2/j_0003.gif\"/><img src=\"http://img.baidu.com/hi/jx2/j_0003.gif\"/><img src=\"http://img.baidu.com/hi/jx2/j_0003.gif\"/><img src=\"http://img.baidu.com/hi/jx2/j_0003.gif\"/><img src=\"http://img.baidu.com/hi/jx2/j_0003.gif\"/></p>','啊啊啊啊后台架构哦  啊',6,'架构，','/files/img/201612/fe809f474c50230f6aa8740d616fd0cb.jpg',3,1,NULL,NULL,1481436936,1481450134,0),(6,'43',2,'2314','<p>54323454323454324543213</p>','123465765432',3,'654321234565432','/files/img/201612/a9997f7c6ef07dafa64a5c8859c6b18b.jpg',3,1,'抗癌','',1481820144,1482163414,0),(7,'13',1,'Cren','<p style=\\\"margin-top: 0px; margin-bottom: 20px; padding: 0px; line-height: 25px; color: rgb(51, 51, 51); letter-spacing: 1px; text-align: justify; white-space: normal; font-size: 14px; font-family: 宋体; background-color: rgb(254, 254, 254);\\\">又一家网路互助平台宣布获得千万融资。10月9日，一个刚刚开始运营的网络互助平台——大树互助，宣布获得中国风险投资有限公司和慈铭体检等机构千万投资。</p><p style=\\\"margin-top: 0px; margin-bottom: 20px; padding: 0px; line-height: 25px; color: rgb(51, 51, 51); letter-spacing: 1px; text-align: justify; white-space: normal; font-size: 14px; font-family: 宋体; background-color: rgb(254, 254, 254);\\\">据凤凰WEMONEY不完全统计，今年以来，已经有包括水滴互助、17互助、斑马社、保保集等多家网络互助平台获得融资，总融资金额过亿元。</p><table width=\\\"659\\\"><tbody><tr class=\\\"firstRow\\\"><td style=\\\"margin: 0px; padding: 0px; vertical-align: top; border-color: rgb(51, 51, 51);\\\"><p style=\\\"margin-bottom: 20px; line-height: 25px; color: rgb(51, 51, 51);\\\"><strong>公司名称</strong></p></td><td style=\\\"margin: 0px; padding: 0px; vertical-align: top; border-color: rgb(51, 51, 51);\\\"><p style=\\\"margin-bottom: 20px; line-height: 25px; color: rgb(51, 51, 51);\\\"><strong>融资信息</strong></p></td><td style=\\\"margin: 0px; padding: 0px; vertical-align: top; border-color: rgb(51, 51, 51);\\\"><p style=\\\"margin-bottom: 20px; line-height: 25px; color: rgb(51, 51, 51);\\\"><strong>融资时间</strong></p></td><td style=\\\"margin: 0px; padding: 0px; vertical-align: top; border-color: rgb(51, 51, 51);\\\"><p style=\\\"margin-bottom: 20px; line-height: 25px; color: rgb(51, 51, 51);\\\"><strong>融资金额</strong></p></td><td style=\\\"margin: 0px; padding: 0px; vertical-align: top; border-color: rgb(51, 51, 51);\\\"><p style=\\\"margin-bottom: 20px; line-height: 25px; color: rgb(51, 51, 51);\\\"><strong>投资机构</strong></p></td></tr><tr><td style=\\\"margin: 0px; padding: 0px; vertical-align: top; border-color: rgb(51, 51, 51);\\\"><p style=\\\"margin-bottom: 20px; line-height: 25px; color: rgb(51, 51, 51);\\\"><span style=\\\"margin: 0px; padding: 0px;\\\">保保集</span></p></td><td style=\\\"margin: 0px; padding: 0px; vertical-align: top; border-color: rgb(51, 51, 51);\\\"><p style=\\\"margin-bottom: 20px; line-height: 25px; color: rgb(51, 51, 51);\\\">Pre-A</p></td><td style=\\\"margin: 0px; padding: 0px; vertical-align: top; border-color: rgb(51, 51, 51);\\\"><p style=\\\"margin-bottom: 20px; line-height: 25px; color: rgb(51, 51, 51);\\\">2016<span style=\\\"margin: 0px; padding: 0px;\\\">年</span>1<span style=\\\"margin: 0px; padding: 0px;\\\">月</span></p></td><td style=\\\"margin: 0px; padding: 0px; vertical-align: top; border-color: rgb(51, 51, 51);\\\"><p style=\\\"margin-bottom: 20px; line-height: 25px; color: rgb(51, 51, 51);\\\"><span style=\\\"margin: 0px; padding: 0px;\\\">千万级</span></p></td><td style=\\\"margin: 0px; padding: 0px; vertical-align: top; border-color: rgb(51, 51, 51);\\\"><p style=\\\"margin-bottom: 20px; line-height: 25px; color: rgb(51, 51, 51);\\\"><span style=\\\"margin: 0px; padding: 0px;\\\">顺为资本、杉杉创投</span></p></td></tr><tr><td style=\\\"margin: 0px; padding: 0px; vertical-align: top; border-color: rgb(51, 51, 51);\\\"><p style=\\\"margin-bottom: 20px; line-height: 25px; color: rgb(51, 51, 51);\\\"><span style=\\\"margin: 0px; padding: 0px;\\\">同聚保</span></p></td><td style=\\\"margin: 0px; padding: 0px; vertical-align: top; border-color: rgb(51, 51, 51);\\\"><p style=\\\"margin-bottom: 20px; line-height: 25px; color: rgb(51, 51, 51);\\\"><span style=\\\"margin: 0px; padding: 0px;\\\">战略投资</span></p></td><td style=\\\"margin: 0px; padding: 0px; vertical-align: top; border-color: rgb(51, 51, 51);\\\"><p style=\\\"margin-bottom: 20px; line-height: 25px; color: rgb(51, 51, 51);\\\">2016<span style=\\\"margin: 0px; padding: 0px;\\\">年</span>3<span style=\\\"margin: 0px; padding: 0px;\\\">月</span></p></td><td style=\\\"margin: 0px; padding: 0px; vertical-align: top; border-color: rgb(51, 51, 51);\\\"><p style=\\\"margin-bottom: 20px; line-height: 25px; color: rgb(51, 51, 51);\\\"><span style=\\\"margin: 0px; padding: 0px;\\\">未透露</span></p></td><td style=\\\"margin: 0px; padding: 0px; vertical-align: top; border-color: rgb(51, 51, 51);\\\"><p style=\\\"margin-bottom: 20px; line-height: 25px; color: rgb(51, 51, 51);\\\"><span style=\\\"margin: 0px; padding: 0px;\\\">华夏信财</span></p></td></tr><tr><td style=\\\"margin: 0px; padding: 0px; vertical-align: top; border-color: rgb(51, 51, 51);\\\"><p style=\\\"margin-bottom: 20px; line-height: 25px; color: rgb(51, 51, 51);\\\"><span style=\\\"margin: 0px; padding: 0px;\\\">斑马社</span></p></td><td style=\\\"margin: 0px; padding: 0px; vertical-align: top; border-color: rgb(51, 51, 51);\\\"><p style=\\\"margin-bottom: 20px; line-height: 25px; color: rgb(51, 51, 51);\\\"><span style=\\\"margin: 0px; padding: 0px;\\\">天使轮</span></p></td><td style=\\\"margin: 0px; padding: 0px; vertical-align: top; border-color: rgb(51, 51, 51);\\\"><p style=\\\"margin-bottom: 20px; line-height: 25px; color: rgb(51, 51, 51);\\\">2016<span style=\\\"margin: 0px; padding: 0px;\\\">年</span>3<span style=\\\"margin: 0px; padding: 0px;\\\">月</span></p></td><td style=\\\"margin: 0px; padding: 0px; vertical-align: top; border-color: rgb(51, 51, 51);\\\"><p style=\\\"margin-bottom: 20px; line-height: 25px; color: rgb(51, 51, 51);\\\">500<span style=\\\"margin: 0px; padding: 0px;\\\">万人民币</span></p></td><td style=\\\"margin: 0px; padding: 0px; vertical-align: top; border-color: rgb(51, 51, 51);\\\"><p style=\\\"margin-bottom: 20px; line-height: 25px; color: rgb(51, 51, 51);\\\"><span style=\\\"margin: 0px; padding: 0px;\\\">陶石资本、峰谷资本</span></p></td></tr><tr><td style=\\\"margin: 0px; padding: 0px; vertical-align: top; border-color: rgb(51, 51, 51);\\\"><p style=\\\"margin-bottom: 20px; line-height: 25px; color: rgb(51, 51, 51);\\\"><span style=\\\"margin: 0px; padding: 0px;\\\">水滴互助</span></p></td><td style=\\\"margin: 0px; padding: 0px; vertical-align: top; border-color: rgb(51, 51, 51);\\\"><p style=\\\"margin-bottom: 20px; line-height: 25px; color: rgb(51, 51, 51);\\\"><span style=\\\"margin: 0px; padding: 0px;\\\">天使轮</span></p></td><td style=\\\"margin: 0px; padding: 0px; vertical-align: top; border-color: rgb(51, 51, 51);\\\"><p style=\\\"margin-bottom: 20px; line-height: 25px; color: rgb(51, 51, 51);\\\">2016<span style=\\\"margin: 0px; padding: 0px;\\\">年</span>5<span style=\\\"margin: 0px; padding: 0px;\\\">月</span></p></td><td style=\\\"margin: 0px; padding: 0px; vertical-align: top; border-color: rgb(51, 51, 51);\\\"><p style=\\\"margin-bottom: 20px; line-height: 25px; color: rgb(51, 51, 51);\\\">5000<span style=\\\"margin: 0px; padding: 0px;\\\">万人民币</span></p></td><td style=\\\"margin: 0px; padding: 0px; vertical-align: top; border-color: rgb(51, 51, 51);\\\"><p style=\\\"margin-bottom: 20px; line-height: 25px; color: rgb(51, 51, 51);\\\"><span style=\\\"margin: 0px; padding: 0px;\\\">腾讯、新美大、</span>IDG<span style=\\\"margin: 0px; padding: 0px;\\\">、真格</span></p></td></tr><tr><td style=\\\"margin: 0px; padding: 0px; vertical-align: top; border-color: rgb(51, 51, 51);\\\"><p style=\\\"margin-bottom: 20px; line-height: 25px; color: rgb(51, 51, 51);\\\">17<span style=\\\"margin: 0px; padding: 0px;\\\">互助</span></p></td><td style=\\\"margin: 0px; padding: 0px; vertical-align: top; border-color: rgb(51, 51, 51);\\\"><p style=\\\"margin-bottom: 20px; line-height: 25px; color: rgb(51, 51, 51);\\\"><span style=\\\"margin: 0px; padding: 0px;\\\">天使轮</span></p></td><td style=\\\"margin: 0px; padding: 0px; vertical-align: top; border-color: rgb(51, 51, 51);\\\"><p style=\\\"margin-bottom: 20px; line-height: 25px; color: rgb(51, 51, 51);\\\">2016<span style=\\\"margin: 0px; padding: 0px;\\\">年</span>6<span style=\\\"margin: 0px; padding: 0px;\\\">月</span></p></td><td style=\\\"margin: 0px; padding: 0px; vertical-align: top; border-color: rgb(51, 51, 51);\\\"><p style=\\\"margin-bottom: 20px; line-height: 25px; color: rgb(51, 51, 51);\\\"><span style=\\\"margin: 0px; padding: 0px;\\\">数千万人民币</span></p></td><td style=\\\"margin: 0px; padding: 0px; vertical-align: top; border-color: rgb(51, 51, 51);\\\"><p style=\\\"margin-bottom: 20px; line-height: 25px; color: rgb(51, 51, 51);\\\"><span style=\\\"margin: 0px; padding: 0px;\\\">经纬创投、晨兴资本等</span></p></td></tr><tr><td style=\\\"margin: 0px; padding: 0px; vertical-align: top; border-color: rgb(51, 51, 51);\\\"><p style=\\\"margin-bottom: 20px; line-height: 25px; color: rgb(51, 51, 51);\\\"><span style=\\\"margin: 0px; padding: 0px;\\\">同心互助</span></p></td><td style=\\\"margin: 0px; padding: 0px; vertical-align: top; border-color: rgb(51, 51, 51);\\\"><p style=\\\"margin-bottom: 20px; line-height: 25px; color: rgb(51, 51, 51);\\\">A<span style=\\\"margin: 0px; padding: 0px;\\\">轮</span></p></td><td style=\\\"margin: 0px; padding: 0px; vertical-align: top; border-color: rgb(51, 51, 51);\\\"><p style=\\\"margin-bottom: 20px; line-height: 25px; color: rgb(51, 51, 51);\\\">2016<span style=\\\"margin: 0px; padding: 0px;\\\">年</span>7<span style=\\\"margin: 0px; padding: 0px;\\\">月</span></p></td><td style=\\\"margin: 0px; padding: 0px; vertical-align: top; border-color: rgb(51, 51, 51);\\\"><p style=\\\"margin-bottom: 20px; line-height: 25px; color: rgb(51, 51, 51);\\\"><span style=\\\"margin: 0px; padding: 0px;\\\">数千万人民币</span></p></td><td style=\\\"margin: 0px; padding: 0px; vertical-align: top; border-color: rgb(51, 51, 51);\\\"><p style=\\\"margin-bottom: 20px; line-height: 25px; color: rgb(51, 51, 51);\\\"><span style=\\\"margin: 0px; padding: 0px;\\\">未透露</span></p></td></tr><tr><td style=\\\"margin: 0px; padding: 0px; vertical-align: top; border-color: rgb(51, 51, 51);\\\"><p style=\\\"margin-bottom: 20px; line-height: 25px; color: rgb(51, 51, 51);\\\"><span style=\\\"margin: 0px; padding: 0px;\\\">人人互助</span></p></td><td style=\\\"margin: 0px; padding: 0px; vertical-align: top; border-color: rgb(51, 51, 51);\\\"><p style=\\\"margin-bottom: 20px; line-height: 25px; color: rgb(51, 51, 51);\\\"><span style=\\\"margin: 0px; padding: 0px;\\\">天使轮</span></p></td><td style=\\\"margin: 0px; padding: 0px; vertical-align: top; border-color: rgb(51, 51, 51);\\\"><p style=\\\"margin-bottom: 20px; line-height: 25px; color: rgb(51, 51, 51);\\\">2016<span style=\\\"margin: 0px; padding: 0px;\\\">年</span>7<span style=\\\"margin: 0px; padding: 0px;\\\">月</span></p></td><td style=\\\"margin: 0px; padding: 0px; vertical-align: top; border-color: rgb(51, 51, 51);\\\"><p style=\\\"margin-bottom: 20px; line-height: 25px; color: rgb(51, 51, 51);\\\"><span style=\\\"margin: 0px; padding: 0px;\\\">未透露</span></p></td><td style=\\\"margin: 0px; padding: 0px; vertical-align: top; border-color: rgb(51, 51, 51);\\\"><p style=\\\"margin-bottom: 20px; line-height: 25px; color: rgb(51, 51, 51);\\\">91<span style=\\\"margin: 0px; padding: 0px;\\\">资本</span></p></td></tr><tr><td style=\\\"margin: 0px; padding: 0px; vertical-align: top; border-color: rgb(51, 51, 51);\\\"><p style=\\\"margin-bottom: 20px; line-height: 25px; color: rgb(51, 51, 51);\\\"><span style=\\\"margin: 0px; padding: 0px;\\\">好车主互助</span></p></td><td style=\\\"margin: 0px; padding: 0px; vertical-align: top; border-color: rgb(51, 51, 51);\\\"><p style=\\\"margin-bottom: 20px; line-height: 25px; color: rgb(51, 51, 51);\\\"><span style=\\\"margin: 0px; padding: 0px;\\\">天使轮</span></p></td><td style=\\\"margin: 0px; padding: 0px; vertical-align: top; border-color: rgb(51, 51, 51);\\\"><p style=\\\"margin-bottom: 20px; line-height: 25px; color: rgb(51, 51, 51);\\\">2016<span style=\\\"margin: 0px; padding: 0px;\\\">年</span>9<span style=\\\"margin: 0px; padding: 0px;\\\">月</span></p></td><td style=\\\"margin: 0px; padding: 0px; vertical-align: top; border-color: rgb(51, 51, 51);\\\"><p style=\\\"margin-bottom: 20px; line-height: 25px; color: rgb(51, 51, 51);\\\"><span style=\\\"margin: 0px; padding: 0px;\\\">未透露</span></p></td><td style=\\\"margin: 0px; padding: 0px; vertical-align: top; border-color: rgb(51, 51, 51);\\\"><p style=\\\"margin-bottom: 20px; line-height: 25px; color: rgb(51, 51, 51);\\\"><span style=\\\"margin: 0px; padding: 0px;\\\">京北投资</span></p></td></tr><tr><td style=\\\"margin: 0px; padding: 0px; vertical-align: top; border-color: rgb(51, 51, 51);\\\"><p style=\\\"margin-bottom: 20px; line-height: 25px; color: rgb(51, 51, 51);\\\"><span style=\\\"margin: 0px; padding: 0px;\\\">水滴互助</span></p></td><td style=\\\"margin: 0px; padding: 0px; vertical-align: top; border-color: rgb(51, 51, 51);\\\"><p style=\\\"margin-bottom: 20px; line-height: 25px; color: rgb(51, 51, 51);\\\">Pre-A</p></td><td style=\\\"margin: 0px; padding: 0px; vertical-align: top; border-color: rgb(51, 51, 51);\\\"><p style=\\\"margin-bottom: 20px; line-height: 25px; color: rgb(51, 51, 51);\\\">2016<span style=\\\"margin: 0px; padding: 0px;\\\">年</span>9<span style=\\\"margin: 0px; padding: 0px;\\\">月</span></p></td><td style=\\\"margin: 0px; padding: 0px; vertical-align: top; border-color: rgb(51, 51, 51);\\\"><p style=\\\"margin-bottom: 20px; line-height: 25px; color: rgb(51, 51, 51);\\\">3000<span style=\\\"margin: 0px; padding: 0px;\\\">万人民币</span></p></td><td style=\\\"margin: 0px; padding: 0px; vertical-align: top; border-color: rgb(51, 51, 51);\\\"><p style=\\\"margin-bottom: 20px; line-height: 25px; color: rgb(51, 51, 51);\\\"><span style=\\\"margin: 0px; padding: 0px;\\\">执一资本</span></p></td></tr><tr><td style=\\\"margin: 0px; padding: 0px; vertical-align: top; border-color: rgb(51, 51, 51);\\\"><p style=\\\"margin-bottom: 20px; line-height: 25px; color: rgb(51, 51, 51);\\\"><span style=\\\"margin: 0px; padding: 0px;\\\">大树互助</span></p></td><td style=\\\"margin: 0px; padding: 0px; vertical-align: top; border-color: rgb(51, 51, 51);\\\"><p style=\\\"margin-bottom: 20px; line-height: 25px; color: rgb(51, 51, 51);\\\"><span style=\\\"margin: 0px; padding: 0px;\\\">天使轮</span></p></td><td style=\\\"margin: 0px; padding: 0px; vertical-align: top; border-color: rgb(51, 51, 51);\\\"><p style=\\\"margin-bottom: 20px; line-height: 25px; color: rgb(51, 51, 51);\\\">2016<span style=\\\"margin: 0px; padding: 0px;\\\">年</span>10<span style=\\\"margin: 0px; padding: 0px;\\\">月</span></p></td><td style=\\\"margin: 0px; padding: 0px; vertical-align: top; border-color: rgb(51, 51, 51);\\\"><p style=\\\"margin-bottom: 20px; line-height: 25px; color: rgb(51, 51, 51);\\\">1000<span style=\\\"margin: 0px; padding: 0px;\\\">万人民币</span></p></td><td style=\\\"margin: 0px; padding: 0px; vertical-align: top; border-color: rgb(51, 51, 51); word-break: break-all;\\\"><p style=\\\"margin-bottom: 20px; line-height: 25px; color: rgb(51, 51, 51);\\\"><span style=\\\"margin: 0px; padding: 0px;\\\">中国风险投资、慈铭体检</span></p><p><span style=\\\"margin: 0px; padding: 0px;\\\"><br/></span></p></td></tr></tbody></table><p style=\\\"margin-top: 0px; margin-bottom: 20px; padding: 0px; line-height: 25px; color: rgb(51, 51, 51); letter-spacing: 1px; white-space: normal; text-align: center; font-size: 14px; font-family: 宋体; background-color: rgb(254, 254, 254);\\\"><span style=\\\"margin: 0px; padding: 0px;\\\">（根据公开信息整理）</span></p><p style=\\\"margin-top: 0px; margin-bottom: 20px; padding: 0px; line-height: 25px; color: rgb(51, 51, 51); letter-spacing: 1px; text-align: justify; white-space: normal; font-size: 14px; font-family: 宋体; background-color: rgb(254, 254, 254);\\\">伴随着整个保险行业站上风口，与之密切相关的互联网保险创业领域却依然方兴未艾。根据曲速资本《2016年互联网保险行业研究报告》数据，目前互联网保险创业公司已经超过200家，融资事件骤增。从2012年到2015年，5年来共有39家互联网保险创企发生融资事件55起，其中2015年互联网保险融资事件29起；大额融资增多，融资阶段往后期偏移。</p><p style=\\\"margin-top: 0px; margin-bottom: 20px; padding: 0px; line-height: 25px; color: rgb(51, 51, 51); letter-spacing: 1px; text-align: justify; white-space: normal; font-size: 14px; font-family: 宋体; background-color: rgb(254, 254, 254);\\\">另外，<span style=\\\"margin: 0px; padding: 0px; color: rgb(255, 104, 39);\\\">互联网保险的创业热点已经从车险比价平台转向网络互助，备受资本青睐，创业公司的数量也从去年的寥寥几家上升至目前的四五十家。</span></p><p style=\\\"margin-top: 0px; margin-bottom: 20px; padding: 0px; line-height: 25px; color: rgb(51, 51, 51); letter-spacing: 1px; text-align: justify; white-space: normal; font-size: 14px; font-family: 宋体; background-color: rgb(254, 254, 254);\\\">1</p><p style=\\\"margin-top: 0px; margin-bottom: 20px; padding: 0px; line-height: 25px; color: rgb(51, 51, 51); letter-spacing: 1px; text-align: justify; white-space: normal; font-size: 14px; font-family: 宋体; background-color: rgb(254, 254, 254);\\\"><strong>资本青睐网络互助</strong></p><p style=\\\"margin-top: 0px; margin-bottom: 20px; padding: 0px; line-height: 25px; color: rgb(51, 51, 51); letter-spacing: 1px; text-align: justify; white-space: normal; font-size: 14px; font-family: 宋体; background-color: rgb(254, 254, 254);\\\">网络互助平台的运营模式并不复杂，会员之间秉持“人人为我，我为人人”的理念，缴纳很少金额的资金，形成风险共担的群体。</p><p style=\\\"margin-top: 0px; margin-bottom: 20px; padding: 0px; line-height: 25px; color: rgb(51, 51, 51); letter-spacing: 1px; text-align: justify; white-space: normal; font-size: 14px; font-family: 宋体; background-color: rgb(254, 254, 254);\\\">91投资旗下的以人人互助为例，每位用户花 9 元成为会员，180 天观察期之后，能够享受相应的赔付权利。当加入平台的用户不幸患上癌症时，最高能获得平台会员的 30 万元赔付，多种互助计划可以选择。而赔付的资金由平台的用户平摊，单人单次分摊不超过3元。</p><p style=\\\"margin-top: 0px; margin-bottom: 20px; padding: 0px; line-height: 25px; color: rgb(51, 51, 51); letter-spacing: 1px; text-align: justify; white-space: normal; font-size: 14px; font-family: 宋体; background-color: rgb(254, 254, 254);\\\">各家网络互助平台在获取客户上你追我赶，<span style=\\\"margin: 0px; padding: 0px; color: rgb(255, 104, 39);\\\">从目前市场份额来看，形成三个梯队的格局，“众托帮”、“水滴互助”、“夸克联盟”占据第一梯队；“e互助”、“抗癌公社”、“壁虎互助”和“17互助”四家形成第二梯队。</span></p><p style=\\\"margin-top: 0px; margin-bottom: 20px; padding: 0px; line-height: 25px; color: rgb(51, 51, 51); letter-spacing: 1px; text-align: justify; white-space: normal; font-size: 14px; font-family: 宋体; background-color: rgb(254, 254, 254);\\\">即将到来的11月，将陆续有平台的新会员观察期满足180天，足够的可分摊会员数、流畅的赔付流程，都将成为这些平台的考试点。</p><p style=\\\"margin-top: 0px; margin-bottom: 20px; padding: 0px; line-height: 25px; color: rgb(51, 51, 51); letter-spacing: 1px; text-align: justify; white-space: normal; font-size: 14px; font-family: 宋体; background-color: rgb(254, 254, 254);\\\">为何这样的资本巨头看中网路互助保障这种体量小、盈利模式尚不清晰的创业公司呢？中国风险投资有限公司董事兼总裁王一军称，基于互联网技术的快速发展，催生出众多新兴业态，对于新兴业态的发展空间非常看好。其投资大树互助主要是基于三点考虑：<span style=\\\"margin: 0px; padding: 0px; color: rgb(255, 104, 39);\\\">一是相互保险是国际传统、主流的保险组织形式，覆盖人群广，市场份额占比高，有非常常熟的模式，而我国还刚刚开始探索；二是网络互助保障能够切实解决社保体系解决不了的问题，有非常广阔的市场空间；三是看好互联网渠道迅速聚集用户的能力。</span></p><p style=\\\"margin-top: 0px; margin-bottom: 20px; padding: 0px; line-height: 25px; color: rgb(51, 51, 51); letter-spacing: 1px; text-align: justify; white-space: normal; font-size: 14px; font-family: 宋体; background-color: rgb(254, 254, 254);\\\">目前，重大疾病的互助是网络互助平台的主要产品形态。互助是对保险和医保的极好补充，互助不是保险，它是普通人结成同盟来互相分担大病带来的沉重经济负担，这中间，没有任何盈利环节，所以是成本最低的，你付出的分摊费用成为互助金，全部直接流向确诊患病的互助会员。从保障范围与力度上，互助则相当于2.0版的医保。</p><p style=\\\"margin-top: 0px; margin-bottom: 20px; padding: 0px; line-height: 25px; color: rgb(51, 51, 51); letter-spacing: 1px; text-align: justify; white-space: normal; font-size: 14px; font-family: 宋体; background-color: rgb(254, 254, 254);\\\">大树互助创始人任自力认为，在互联网时代，完全可以通过网络互助的形式来解决中国普通人的大病风险保障问题，因为网络互助是最能体现中央政府倡导的普惠金融理念、也是最能够实现人类分散转移风险目标的一种制度。</p><p style=\\\"margin-top: 0px; margin-bottom: 20px; padding: 0px; line-height: 25px; color: rgb(51, 51, 51); letter-spacing: 1px; text-align: justify; white-space: normal; font-size: 14px; font-family: 宋体; background-color: rgb(254, 254, 254);\\\">2</p><p style=\\\"margin-top: 0px; margin-bottom: 20px; padding: 0px; line-height: 25px; color: rgb(51, 51, 51); letter-spacing: 1px; text-align: justify; white-space: normal; font-size: 14px; font-family: 宋体; background-color: rgb(254, 254, 254);\\\"><strong>网络互助平台安全性待考</strong></p><p style=\\\"margin-top: 0px; margin-bottom: 20px; padding: 0px; line-height: 25px; color: rgb(51, 51, 51); letter-spacing: 1px; text-align: justify; white-space: normal; font-size: 14px; font-family: 宋体; background-color: rgb(254, 254, 254);\\\">目前，互联网互保行业尚未有明确的盈利模式，甚至平台本身也宣称运营将更偏向公益性。<span style=\\\"margin: 0px; padding: 0px; color: rgb(255, 104, 39);\\\">然而公益能持久吗？如何保证平台会员权利？</span>一位业内认识成，如果互助保险不会从会员身上直接赚钱，从公司长期经营来看，一定是要寻找盈利模式的，对用户再次开发，做交叉销售不失为一种可参考的模式。</p><p style=\\\"margin-top: 0px; margin-bottom: 20px; padding: 0px; line-height: 25px; color: rgb(51, 51, 51); letter-spacing: 1px; text-align: justify; white-space: normal; font-size: 14px; font-family: 宋体; background-color: rgb(254, 254, 254);\\\">网络互助流行起来后，确实有不法平台或个人构和个人打着“互助计划”的幌子，通过微博、微信等互联网平台恶意骗取公众钱款，做起了圈钱的买卖。</p><p style=\\\"margin-top: 0px; margin-bottom: 20px; padding: 0px; line-height: 25px; color: rgb(51, 51, 51); letter-spacing: 1px; text-align: justify; white-space: normal; font-size: 14px; font-family: 宋体; background-color: rgb(254, 254, 254);\\\"><img src=\\\"/files/img/201612/1482156770210955.gif\\\" class=\\\"lazy loadBefore\\\"/></p><p style=\\\"margin-top: 0px; margin-bottom: 20px; padding: 0px; line-height: 25px; color: rgb(51, 51, 51); letter-spacing: 1px; text-align: justify; white-space: normal; font-size: 14px; font-family: 宋体; background-color: rgb(254, 254, 254);\\\"><span style=\\\"margin: 0px; padding: 0px; color: rgb(255, 104, 39);\\\">网络互助平台本身并没有严谨的核保、理赔机制，不具备保险经营资质或保险中介经营资质，互助计划也非保险产品，没有基于保险精算进行风险定价和费率厘定，在财务稳定性和赔偿给付能力方面没有充分保证。<span style=\\\"margin: 0px; padding: 0px;\\\">另外，网络互助平台资金无监管，大多对外宣称由银行托管。</span></span></p><p style=\\\"margin-top: 0px; margin-bottom: 20px; padding: 0px; line-height: 25px; color: rgb(51, 51, 51); letter-spacing: 1px; text-align: justify; white-space: normal; font-size: 14px; font-family: 宋体; background-color: rgb(254, 254, 254);\\\">据了解 ，除了水滴托管至中国福利基金会、抗癌公社托管至某公益基金会外，其他的应该都是银行托管。会员分摊的互助金，由银行集中托管后，若患病会员的互助申请经专业公估机构调查核实后，互助金由银行直接拨付给患病会员，互助平台本身不经手互助款项，规避资金池和非法集资风险。</p><p><br/></p>','亿元资金砸向网络互助！互联网保险创业转向',3,'研究咯','/files/img/201612/812f31fbac56602bcb0456828bb63553.jpg',3,1,'水滴互助','文章来源于网络，版权归原作者所有，如涉侵权请联系删除。',1481366593,1482163395,0),(8,'13',1,'Cren','啊啊','壁虎互助新推出 “壁虎诺言筹”公益众筹方式',4,'互助','/files/img/201612/a9997f7c6ef07dafa64a5c8859c6b18b.jpg',3,1,NULL,NULL,1481377727,1481445096,0),(9,'13',1,'Cren','啊啊','壁虎互助新推出 “壁虎诺言筹”公益众筹方式',5,'互助',NULL,3,1,NULL,NULL,1481377735,1481805056,1),(10,'13',1,'Cren','<p><img src=\\\"/files/img/201612/1482156034629299.jpg\\\" title=\\\"1482156034629299.jpg\\\" alt=\\\"拉勾盈利模式.jpg\\\"/></p><p>近日，“大树互助公益平台”获得了国内著名投资机构——中国风险投资有限公司和国内权威健康管理机构慈铭体检等机构的千万级投资。</p><p style=\\\"\\\\\\\">记者采访了“大树互助”创始人任自力教授，任教授称，他作为一名大学教授和保险市场研究者，长期以来一直关注着中国普通民众所焦虑的看病难、看病贵问题。而根据中国肿瘤中心等机构发布的数据，中国癌症等重疾病人人数近年来在急剧上升，比如2015年全国有430万新增肿瘤病人，平均每天有12000人新患肿瘤，每天有近8000人死于癌症。阿里巴巴负责人马云前不久在演讲中也忧心地提到未来10年内全国每个家庭中可能都会出现癌症患者。在日常生活中，我们也频繁地从媒体听到、看到各种病患消息，许多人被癌症、心梗等重大疾病夺取鲜活的生命。在重大疾病发病不断年轻化、医疗费用急剧上涨的今天，医保保障范围小、保障程度低，无法解决普通人患重病后的治疗费用缺口，而动辄每年数千甚至上万元的重疾保险费，也是绝大多数普通工薪阶层人士所根本无力承受的。因此，如何让一个个普通的家庭或个人可以用低廉的价格获得一份保障范围较广、保障程度较高的大病保障一直是“大树互助”创始人们思考的问题。</p><p style=\\\"\\\\\\\">任自力认为，在互联网时代，完全可以通过网络互助的形式来解决中国普通人的大病风险保障问题，因为网络互助是最能体现中央政府倡导的普惠金融理念、也是最能够实现人类分散转移风险目标的一种制度。因此，他联合其他保险专家等创始人，创立了“大树互助”公益平台，希望能将自己所掌握的保险理论运用到实践中，为解决千万人的大病风险保障困难服务，也更好地发挥自己的人生价值。</p><p style=\\\"\\\\\\\">“大树互助”创始人任自力告诉记者，“大树互助”是一个非盈利的纯公益项目，会员所分摊的每一元钱，都将全部用于患病会员的救助。“大树互助”目前有三款互助保障计划，第一款：师生抗癌互助计划，旨在为全国在校师生提供大病互助保障；第二款，单身汪互助计划，是面向18-45岁之间的单身人士，提供免费交友脱单平台，同时提供大病互助保障；第三款，中青年抗癌互助计划，为18-60岁间的中青年提供抗癌等大病互助保障。在大树互助，在有互助事件发生、有会员患病时，才会产生费用分摊。无会员患病，就没有费用分摊。会员分摊的互助金，全部由银行集中托管，患病会员的互助申请经专业公估机构调查核实后，互助金由银行直接拨付给患病会员，互助平台本身不经手互助款项。互助资金有充分的安全保障。大树互助公益平台，郑重承诺：向每位注册会员提供覆盖癌症等111种大病的医疗互助保障，作为大树的一员，如果患病，可获得最高35万元的大病保障。</p><p><br/></p>','研究实验6543216543',6,'研究咯','',3,1,NULL,'文章来源于<a href=\\\'http://www.baidu.com\\\'>新浪</a>，版权归作者所有，如涉侵权请联系删除。',1481366593,1484144550,0),(11,'13',1,'Cren','啊啊','壁虎互助新推出 “壁虎诺言筹”公益众筹方式',3,'互助','/files/img/201612/a9997f7c6ef07dafa64a5c8859c6b18b.jpg',3,1,NULL,NULL,1481377727,1472071895,0),(12,'13',1,'Cren','啊啊','壁虎互助新推出 “壁虎诺言筹”公益众筹方式',2,'互助',NULL,3,1,NULL,NULL,1481377735,1481805056,1),(13,'13',1,'Cren','54321','研究实验',3,'研究咯','/files/img/201612/a9997f7c6ef07dafa64a5c8859c6b18b.jpg',3,1,NULL,NULL,1481366593,1462071920,0),(14,'13',1,'Cren','<p>啊啊</p>','壁虎互助新推出 “壁虎诺言筹”公益众筹方式',3,'互助','',3,1,'水滴互助','',1481377727,1484144543,0),(15,'13',1,'Cren','啊啊','壁虎互助新推出 “壁虎诺言筹”公益众筹方式',3,'互助','/files/img/201612/a9997f7c6ef07dafa64a5c8859c6b18b.jpg',3,1,NULL,NULL,1481377735,1442071695,1),(16,'13',1,'tttt','<p style=\\\"margin-top: 0px; margin-bottom: 20px; padding: 0px; line-height: 25px; color: rgb(51, 51, 51); font-family: \\\"><span style=\\\"margin: 0px; padding: 0px;\\\">2016年的资本市场呈现出了冰火两重天的景象，有些行业苦苦挣扎融不到钱，有些行业却成为资本青睐的对象。网络互助保障领域正是后者。</span></p><p style=\\\"margin-top: 0px; margin-bottom: 20px; padding: 0px; line-height: 25px; color: rgb(51, 51, 51); font-family: \\\"><span style=\\\"margin: 0px; padding: 0px;\\\">“水滴互助”5000万元的天使轮融资，和“17互助”虽未公开但宣称千万级的融资额度，让网络互助保障领域俨然成为一些人眼中的最新“风 口”。如果按照雷军那句名言——“站在风口上，猪都会飞”，此时的网络互助保障领域应该是遍地开花，一派高歌猛进欢天喜地的氛围。奇妙的是，这个打破了 “资本寒冬”让2016年的投资界呈现冰火两重天局面的行业，自己也正面临着冰火两重天的局面。</span></p><p style=\\\"margin-top: 0px; margin-bottom: 20px; padding: 0px; line-height: 25px; color: rgb(51, 51, 51); font-family: \\\"><span style=\\\"margin: 0px; padding: 0px;\\\"><strong>·冰火两重天的行业格局</strong></span></p><p style=\\\"margin-top: 0px; margin-bottom: 20px; padding: 0px; line-height: 25px; color: rgb(51, 51, 51); font-family: \\\"><span style=\\\"margin: 0px; padding: 0px;\\\">经过8月份的市场争夺，中国网络互助保障行业出现了首批“百万会员”级平台。随着行业领军者“水滴互助”在8月19日——也是其上线100天庆 祝之际——率先迎来100万会员加入，“众托帮”、“保保集-夸克联盟”两家平台也在稍后一段时间突破了百万会员。“e互助”也即将在9月份迎来自己的 100万会员。</span></p><p style=\\\"margin-top: 0px; margin-bottom: 20px; padding: 0px; line-height: 25px; color: rgb(51, 51, 51); font-family: \\\"><span style=\\\"margin: 0px; padding: 0px;\\\">与以“水滴互助”为代表四家平台发展趋势形成鲜明对比的，是业内其他一些平台并不算乐观的处境。“三众咨询”在昨日发表的《中国互助保障行业2016年8月市场报告》中，将整个互助保障行业分为了三个梯队：</span></p><p style=\\\"margin-top: 0px; margin-bottom: 20px; padding: 0px; line-height: 25px; color: rgb(51, 51, 51); font-family: \\\"><span style=\\\"margin: 0px; padding: 0px;\\\">第一梯队——“水滴互助”、“众托帮”、“保保集-夸克联盟”、“e互助”;</span></p><p style=\\\"margin-top: 0px; margin-bottom: 20px; padding: 0px; line-height: 25px; color: rgb(51, 51, 51); font-family: \\\"><span style=\\\"margin: 0px; padding: 0px;\\\">第二梯队——“抗癌公社”、“壁虎互助”、“17互助”;</span></p><p style=\\\"margin-top: 0px; margin-bottom: 20px; padding: 0px; line-height: 25px; color: rgb(51, 51, 51); font-family: \\\"><span style=\\\"margin: 0px; padding: 0px;\\\">第三梯队——“同心互助”、“蚂蚁互助”、“斑马社”等。</span></p><p style=\\\"margin-top: 0px; margin-bottom: 20px; padding: 0px; line-height: 25px; color: rgb(51, 51, 51); font-family: \\\"><span style=\\\"margin: 0px; padding: 0px;\\\"><img src=\\\"/files/img/201612/1482157271530846.gif\\\" class=\\\"lazy loadBefore\\\"/><br/></span></p><p style=\\\"margin-top: 0px; margin-bottom: 20px; padding: 0px; line-height: 25px; color: rgb(51, 51, 51); font-family: \\\"><span style=\\\"margin: 0px; padding: 0px;\\\">报告同时还认为，“由于各个平台的新会员观察期都是180天，因此在有限的6个月内，发展出足够的会员数就是生死平衡点。目前还在“其他”行列的第三梯队，生死未卜。”</span></p><p style=\\\"margin-top: 0px; margin-bottom: 20px; padding: 0px; line-height: 25px; color: rgb(51, 51, 51); font-family: \\\"><span style=\\\"margin: 0px; padding: 0px;\\\">然而就在8月14日，已经运营5年，身处“第二梯队”的老牌互助组织“抗癌公社”，已经宣布停止公开注册用户。同时发起了一次试图融资200万元的股权众筹活动，活动目的是设立一个保险团购平台，外界解读，这可能是平台要转型进入保险行业的信号。</span></p><p style=\\\"margin-top: 0px; margin-bottom: 20px; padding: 0px; line-height: 25px; color: rgb(51, 51, 51); font-family: \\\"><span style=\\\"margin: 0px; padding: 0px;\\\">同月，“全民保镖”的服务公众号也停止了服务，处于僵尸状态。官方未发布任何信息。</span></p><p style=\\\"margin-top: 0px; margin-bottom: 20px; padding: 0px; line-height: 25px; color: rgb(51, 51, 51); font-family: \\\"><span style=\\\"margin: 0px; padding: 0px;\\\">更早之前在7月时，“未来互助”则已经因为加入会员人数不足，宣布停止运营。</span></p><p style=\\\"margin-top: 0px; margin-bottom: 20px; padding: 0px; line-height: 25px; color: rgb(51, 51, 51); font-family: \\\"><span style=\\\"margin: 0px; padding: 0px;\\\">一边是高速发展，一边却又举步维艰。是市场需求有限，还是行业爆发点未到?已经进入或想要进入的玩家该如何布局?</span></p><p style=\\\"margin-top: 0px; margin-bottom: 20px; padding: 0px; line-height: 25px; color: rgb(51, 51, 51); font-family: \\\"><span style=\\\"margin: 0px; padding: 0px;\\\"><strong>·市场潜力巨大要精耕用户需求</strong></span></p><p style=\\\"margin-top: 0px; margin-bottom: 20px; padding: 0px; line-height: 25px; color: rgb(51, 51, 51); font-family: \\\"><span style=\\\"margin: 0px; padding: 0px;\\\">马云在8.18中国保险行业年会上说“应该人人是保民”。这句话并不夸张，每个人都会为生、老、病、养而担忧，每个人都有对于更好的个人保障的需求。</span></p><p style=\\\"margin-top: 0px; margin-bottom: 20px; padding: 0px; line-height: 25px; color: rgb(51, 51, 51); font-family: \\\"><span style=\\\"margin: 0px; padding: 0px;\\\">尤其是在当下，重疾癌症的发病率在不断攀升，据统计我国有2亿人口正面临着“灾难性医疗支出”的风险。哪怕是收入稳定略有积蓄的家庭，面对动辄几十万的医疗费用，也会受到沉重的打击。</span></p><p style=\\\"margin-top: 0px; margin-bottom: 20px; padding: 0px; line-height: 25px; color: rgb(51, 51, 51); font-family: \\\"><span style=\\\"margin: 0px; padding: 0px;\\\">因此，能让民众以较低成本获得较好保障，具有普惠性特点的互助保障模式，其市场潜力是巨大的。这一点从“水滴互助”等平台受到广泛欢迎即可窥见一二。</span></p><p style=\\\"margin-top: 0px; margin-bottom: 20px; padding: 0px; line-height: 25px; color: rgb(51, 51, 51); font-family: \\\"><span style=\\\"margin: 0px; padding: 0px;\\\">然而民众需求广泛且强烈，不等于只要进入市场就能收获颇丰。在保险教育尚不够普及的当下，互助保障作为新兴事物，更需要用实际行动，用对用户需求的准确反馈来获得用户的认可。</span></p><p style=\\\"margin-top: 0px; margin-bottom: 20px; padding: 0px; line-height: 25px; color: rgb(51, 51, 51); font-family: \\\"><span style=\\\"margin: 0px; padding: 0px;\\\">以“水滴互助”推出“综合意外互助计划”为例。初上线时，“水滴互助”瞄准的是重疾癌症领域，推出了“中青年抗癌计划”、“中老年抗癌计划”、 “少儿健康互助计划”3款互助计划。在接到用户关于综合意外类保障的咨询后，迅速组织团队进行研究，在经过调查和专业制定后，推出了“综合意外互助计 划”，来满足用户当下的迫切需求。</span></p><p style=\\\"margin-top: 0px; margin-bottom: 20px; padding: 0px; line-height: 25px; color: rgb(51, 51, 51); font-family: \\\"><span style=\\\"margin: 0px; padding: 0px;\\\">在重疾互助格局大定的局面下，一些新入场的互助平台开始另辟蹊径，例如“校友互助”试图按照解决方案的方式，为每个大学定制互助服务;“九行互 助”、“蜂巢互助”则开始尝试车主之间的互助计划。这些尝试对于寻找并满足用户需求有着积极的意义，也能促进整个互助保障行业多元化的繁荣发展。</span></p><p style=\\\"margin-top: 0px; margin-bottom: 20px; padding: 0px; line-height: 25px; color: rgb(51, 51, 51); font-family: \\\"><span style=\\\"margin: 0px; padding: 0px;\\\"><strong>·严把自身关建立用户信任度</strong></span></p><p style=\\\"margin-top: 0px; margin-bottom: 20px; padding: 0px; line-height: 25px; color: rgb(51, 51, 51); font-family: \\\"><span style=\\\"margin: 0px; padding: 0px;\\\">有人说互助保障做的是一门关于“信任”的生意。</span></p><p style=\\\"margin-top: 0px; margin-bottom: 20px; padding: 0px; line-height: 25px; color: rgb(51, 51, 51); font-family: \\\"><span style=\\\"margin: 0px; padding: 0px;\\\">这话不无道理，在这个信任有些缺失的年代，让用户相信平台、相信其他会员、满怀善意而来实属不易，因此更要对这份信任加倍珍惜。</span></p><p style=\\\"margin-top: 0px; margin-bottom: 20px; padding: 0px; line-height: 25px; color: rgb(51, 51, 51); font-family: \\\"><span style=\\\"margin: 0px; padding: 0px;\\\">从资金安全而言，“水滴互助”率先把互助金托管给第三方公募基金会，其他平台有紧随其后托管给基金会的，也有托管给第三方商业银行的。实施互助金托管都是为了让账户的运营能够收到更好的监管，更及时、有效、足额地用于互助事件的救助。</span></p><p style=\\\"margin-top: 0px; margin-bottom: 20px; padding: 0px; line-height: 25px; color: rgb(51, 51, 51); font-family: \\\"><span style=\\\"margin: 0px; padding: 0px;\\\">同时网络互助保障平台是基于互联网技术发展起来的，因此技术建设至关重要，用户的信息安全和资金安全都要被摆在首位。“水滴互助”、“众托 帮”、“同心互助”等平台都在区块链技术上积极探索，“水滴互助”更是在7月和易安保险、慕尼黑再保险、宜信保险等机构共同成立了“区块链保险实验室”， 通过在该领域进行更多探索，给用户更放心的使用体验。</span></p><p style=\\\"margin-top: 0px; margin-bottom: 20px; padding: 0px; line-height: 25px; color: rgb(51, 51, 51); font-family: \\\"><span style=\\\"margin: 0px; padding: 0px;\\\">互助保障行业尚处于起步状态，诸多玩家应该谨守初心，真正让保障惠及到亿万家庭。</span></p><p><br/></p>','冰火两重天——“水滴互助”首过百万“抗癌公社”暂停注册',4,'抗癌','http://www.dev.huzhu.com/files/img/201612/ec70203f4a287e2628e543330c016cce.jpg',3,1,'抗癌、水滴互助','资讯备注(例如:文章来源于<a href=\\\'\\\'>XX</a>，版权归作者所有，如涉侵权请联系删除。)',1482157272,1482322480,0),(17,'14',1,'aaa','<p>gfdsgfdsfdssfdsasfasdffsa</p>','trewqtrew123',4,'treerwrw','http://www.dev.huzhu.com/files/img/201612/a025df37963f68f4eb48ae4b8680012f.jpg',3,1,'水滴互助','侵权请告知!',1482322623,1482642011,0),(18,'43',2,'Creb','<p>发的所发生的发多少发生的艾弗森的发送到发送到&nbsp;</p>','11234123412341243',3,'互助','http://www.dev.huzhu.com/files/img/201701/4c46bb4ac4d3b878c32ea2db25b50d2f.jpg',3,1,'huzhu、互助','阿斯顿发斯蒂芬',1484144599,1484651188,0),(19,'13',1,'Cren','啊啊','壁虎互助新推出 “壁虎诺言筹”公益众筹方式',5,'互助',NULL,3,1,NULL,NULL,1481377735,1481805056,0),(20,'13',1,'Cren','啊啊','壁虎互助新推出 “壁虎诺言筹”公益众筹方式',5,'互助',NULL,3,1,NULL,NULL,1481377735,1481805056,0),(21,'13',1,'Cren','啊啊','壁虎互助新推出 “壁虎诺言筹”公益众筹方式',5,'互助',NULL,3,1,NULL,NULL,1481377735,1481805056,0),(22,'13',1,'Cren','啊啊','壁虎互助新推出 “壁虎诺言筹”公益众筹方式',5,'互助',NULL,3,1,NULL,NULL,1481377735,1481805056,0),(23,'13',1,'Cren','啊啊','壁虎互助新推出 “壁虎诺言筹”公益众筹方式',5,'互助',NULL,3,1,NULL,NULL,1481377735,1481805056,0),(24,'13',1,'Cren','啊啊','壁虎互助新推出 “壁虎诺言筹”公益众筹方式',5,'互助',NULL,3,1,NULL,NULL,1481377735,1481805056,0),(25,'6',2,'123','<p>12341234123412341234</p>','Testtsetets',3,'12344567','http://www.dev.huzhu.com/files/img/201702/b88268db280800f300f7b6b9036d072a.jpg',1,1,'123','1234',1486214993,1486220485,0);
/*!40000 ALTER TABLE `t_posts` ENABLE KEYS */;
UNLOCK TABLES;

--
-- Table structure for table `t_posts_category`
--

DROP TABLE IF EXISTS `t_posts_category`;
/*!40101 SET @saved_cs_client     = @@character_set_client */;
/*!40101 SET character_set_client = utf8 */;
CREATE TABLE `t_posts_category` (
  `Fpost_category_id` int(11) NOT NULL AUTO_INCREMENT,
  `Fcategory_name` varchar(45) NOT NULL,
  `Fis_special` tinyint(1) NOT NULL DEFAULT '0' COMMENT '是否为专栏，0：否，1：是',
  `Fremark` varchar(200) DEFAULT NULL COMMENT '分类说明',
  `Fstatus` tinyint(1) NOT NULL DEFAULT '1' COMMENT '状态0:禁用，1启用',
  `Fcreate_time` int(11) DEFAULT NULL,
  `Fupdate_time` int(11) DEFAULT NULL,
  PRIMARY KEY (`Fpost_category_id`)
) ENGINE=InnoDB AUTO_INCREMENT=8 DEFAULT CHARSET=utf8 COMMENT='资讯分类';
/*!40101 SET character_set_client = @saved_cs_client */;

--
-- Dumping data for table `t_posts_category`
--

LOCK TABLES `t_posts_category` WRITE;
/*!40000 ALTER TABLE `t_posts_category` DISABLE KEYS */;
INSERT INTO `t_posts_category` VALUES (3,'专栏',1,'专栏研究新闻',1,1481359996,1482326104),(4,'国际',0,'国际新闻',1,1481359996,1481359996),(5,'政策',0,'政策分类说明',1,1481360447,1481360447),(6,'平台',0,'平台分类说明',1,1481360466,1481360466),(7,'Test',0,'test',0,1482321477,1482325891);
/*!40000 ALTER TABLE `t_posts_category` ENABLE KEYS */;
UNLOCK TABLES;

--
-- Table structure for table `t_praise`
--

DROP TABLE IF EXISTS `t_praise`;
/*!40101 SET @saved_cs_client     = @@character_set_client */;
/*!40101 SET character_set_client = utf8 */;
CREATE TABLE `t_praise` (
  `Fpraise_id` int(11) NOT NULL AUTO_INCREMENT COMMENT '点赞id\n',
  `Fpraise_post_id` int(11) NOT NULL COMMENT '资讯ID',
  `Fuser_id` varchar(32) NOT NULL COMMENT '用户名',
  PRIMARY KEY (`Fpraise_id`),
  KEY `index` (`Fpraise_post_id`)
) ENGINE=InnoDB AUTO_INCREMENT=47 DEFAULT CHARSET=utf8;
/*!40101 SET character_set_client = @saved_cs_client */;

--
-- Dumping data for table `t_praise`
--

LOCK TABLES `t_praise` WRITE;
/*!40000 ALTER TABLE `t_praise` DISABLE KEYS */;
INSERT INTO `t_praise` VALUES (35,17,'6'),(36,8,'user001'),(39,8,'aaaa'),(40,18,'aaaa'),(46,18,'user001');
/*!40000 ALTER TABLE `t_praise` ENABLE KEYS */;
UNLOCK TABLES;

--
-- Table structure for table `t_themes`
--

DROP TABLE IF EXISTS `t_themes`;
/*!40101 SET @saved_cs_client     = @@character_set_client */;
/*!40101 SET character_set_client = utf8 */;
CREATE TABLE `t_themes` (
  `Fid` int(11) NOT NULL AUTO_INCREMENT,
  `Fuser_id` varchar(32) NOT NULL,
  `Ftheme_content` text,
  `Ftheme_title` text,
  `Ftheme_excerpt` text,
  `Fpost_id` varchar(500) DEFAULT NULL COMMENT '资讯id，多条数据以’,’分隔',
  `Ftheme_coverimage` varchar(300) DEFAULT NULL,
  `Fbanner_path` varchar(300) DEFAULT NULL,
  `Ftheme_status` tinyint(1) DEFAULT '0' COMMENT '状态，默认为0，0：不启用，1：启用',
  `Fcreate_time` int(11) DEFAULT NULL,
  `Fupdate_time` int(11) DEFAULT NULL,
  PRIMARY KEY (`Fid`)
) ENGINE=InnoDB AUTO_INCREMENT=5 DEFAULT CHARSET=utf8;
/*!40101 SET character_set_client = @saved_cs_client */;

--
-- Dumping data for table `t_themes`
--

LOCK TABLES `t_themes` WRITE;
/*!40000 ALTER TABLE `t_themes` DISABLE KEYS */;
INSERT INTO `t_themes` VALUES (2,'13',NULL,'zhuanti65432','zaiyao','16,18','http://www.dev.huzhu.com/files/img/201701/7b8015a18856dd338bbb11e105ab8962.jpg','http://www.dev.huzhu.com/files/img/201701/39edbacefd0088cb3c96adbeffaf7dd7.jpg',1,1484985493,1485007662),(3,'13',NULL,'hahhahahhah','654321654321','7,9,12,13','http://www.dev.huzhu.com/files/img/201701/6f158b26f2ca73fbc159c91478f633f5.jpg','http://www.dev.huzhu.com/files/img/201701/f20b9adde2f0f8f663d160242a80677c.jpg',1,1484985800,1485004205),(4,'13',NULL,'1209876543345','1234',NULL,'','',0,1485273931,1485273931);
/*!40000 ALTER TABLE `t_themes` ENABLE KEYS */;
UNLOCK TABLES;

--
-- Dumping routines for database 'NEWS_DB'
--
/*!40103 SET TIME_ZONE=@OLD_TIME_ZONE */;

/*!40101 SET SQL_MODE=@OLD_SQL_MODE */;
/*!40014 SET FOREIGN_KEY_CHECKS=@OLD_FOREIGN_KEY_CHECKS */;
/*!40014 SET UNIQUE_CHECKS=@OLD_UNIQUE_CHECKS */;
/*!40101 SET CHARACTER_SET_CLIENT=@OLD_CHARACTER_SET_CLIENT */;
/*!40101 SET CHARACTER_SET_RESULTS=@OLD_CHARACTER_SET_RESULTS */;
/*!40101 SET COLLATION_CONNECTION=@OLD_COLLATION_CONNECTION */;
/*!40111 SET SQL_NOTES=@OLD_SQL_NOTES */;

-- Dump completed on 2017-02-05 19:50:21
